{
  "schema_version": "2.0",
  "task": "R5-1_v3_mmin_calibration",
  "timestamp": "2026-06-11T14:27:53.778154+00:00",
  "parameters": {
    "n_cosmo": 20,
    "n_valid": 20,
    "seed": 42,
    "mmin_grid": [
      11.8,
      11.850000000000001,
      11.900000000000002,
      11.950000000000003,
      12.000000000000004,
      12.050000000000004,
      12.100000000000005,
      12.150000000000006,
      12.200000000000006,
      12.250000000000007,
      12.300000000000008,
      12.350000000000009,
      12.40000000000001,
      12.45000000000001,
      12.50000000000001,
      12.550000000000011,
      12.600000000000012,
      12.650000000000013,
      12.700000000000014,
      12.750000000000014,
      12.800000000000015,
      12.850000000000016,
      12.900000000000016,
      12.950000000000017,
      13.000000000000018,
      13.050000000000018,
      13.10000000000002,
      13.15000000000002,
      13.20000000000002,
      13.250000000000021,
      13.300000000000022,
      13.350000000000023,
      13.400000000000023,
      13.450000000000024,
      13.500000000000025
    ],
    "hod_b3_fixed": {
      "sigma_logM": 0.55,
      "log_M0": 12.25,
      "log_M1": 13.5,
      "alpha": 1.0,
      "A_cen": 0.0,
      "A_sat": 0.0,
      "eta_vel": 1.0,
      "eta_conc": 1.0
    },
    "snapnum": 4
  },
  "target_ngal": {
    "n_bgs_dr1": 217614,
    "v_bgs_eff_frac": 0.2,
    "v_bgs_grid_mpc3": 7964053973.0,
    "v_quijote_mpc3": 1000000000.0,
    "n_gal_target": 136622.6300937702,
    "n_gal_b3_ref": 900000,
    "note": "target_primario=densit\u00e0 BGS DR1 scalata al volume Quijote; target_B3=verifica coerenza interna"
  },
  "calibration_results": {
    "mmin_star_bgs_target": null,
    "mmin_star_b3_check": 12.987432969842153,
    "mmin_mean_inter_sim": 12.5,
    "mmin_std_inter_sim": 0.1,
    "n_sim_used_for_scatter": 0
  },
  "prior_v3": {
    "log_Mmin": [
      12.35,
      12.65
    ],
    "half_width_dex": 0.15,
    "range_dex": 0.3,
    "motivation": "\u00b10.15 dex intorno a log_Mmin* calibrato su densit\u00e0 numerica BGS DR1 r<19.5 scalata a Quijote (1 Gpc/h)\u00b3. Fisicamente: scatter della funzione di massa degli aloni tra simulazioni (0.100 dex) + margine sistematico.",
    "prior_v2_range": [
      12.2,
      13.1
    ],
    "range_reduction_pct": 66.66666666666667
  },
  "vif_estimate": {
    "VIF_v2": 0.801,
    "VIF_v3_approx": 0.08899999999999994,
    "method": "VIF \u221d (range_prior)\u00b2 \u2014 approssimazione lineare"
  },
  "ngal_curve": {
    "log_Mmin": [
      11.8,
      11.850000000000001,
      11.900000000000002,
      11.950000000000003,
      12.000000000000004,
      12.050000000000004,
      12.100000000000005,
      12.150000000000006,
      12.200000000000006,
      12.250000000000007,
      12.300000000000008,
      12.350000000000009,
      12.40000000000001,
      12.45000000000001,
      12.50000000000001,
      12.550000000000011,
      12.600000000000012,
      12.650000000000013,
      12.700000000000014,
      12.750000000000014,
      12.800000000000015,
      12.850000000000016,
      12.900000000000016,
      12.950000000000017,
      13.000000000000018,
      13.050000000000018,
      13.10000000000002,
      13.15000000000002,
      13.20000000000002,
      13.250000000000021,
      13.300000000000022,
      13.350000000000023,
      13.400000000000023,
      13.450000000000024,
      13.500000000000025
    ],
    "ngal_mean": [
      1010445.75,
      1010140.1,
      1010335.65,
      1010121.45,
      1010008.6,
      1009846.3,
      1009901.0,
      1009014.65,
      1008624.15,
      1007577.55,
      1006845.25,
      1005272.1,
      1003712.85,
      1001385.1,
      998538.05,
      994344.05,
      989546.9,
      983374.8,
      975954.9,
      967567.65,
      956883.4,
      944268.15,
      930324.2,
      913940.3,
      895319.95,
      875337.45,
      852575.9,
      827995.35,
      801668.4,
      774065.3,
      744708.4,
      714422.9,
      683003.9,
      651122.05,
      618696.3
    ],
    "ngal_std": [
      174327.3517936514,
      174433.41498087457,
      174500.27632364226,
      174246.81678167754,
      174638.60110708632,
      174399.67868407897,
      174239.57817413355,
      174334.689775522,
      174270.35839186047,
      174422.61270043944,
      174297.85551890047,
      174054.78448376534,
      174153.34759294035,
      174009.7166206244,
      173960.3712945782,
      173738.57437266916,
      173686.2956746732,
      173031.2496621925,
      172671.84474774686,
      172232.28596615535,
      171610.42601234926,
      170635.3282867516,
      169678.10800294773,
      168503.62012167572,
      166976.79418484322,
      165677.30637189723,
      163620.90267349704,
      161584.57895952667,
      159080.75568006333,
      156716.4917933336,
      153700.54823695327,
      150590.76782854254,
      147229.159639964,
      143740.2327219053,
      139932.40673057115
    ]
  },
  "t_total_min": 0.23581566015879313,
  "traceability": {
    "hod_model": "Zheng2007_5param, altri parametri fissi a B3",
    "sim_selection": "cosmologia centrale |w\u2080+1|<0.08, \u03a9m\u2208[0.28,0.35], N=20",
    "target_source": "phase6_voxelize_diagnostics.json (n_BGS), phase5_hod_b3_manifest.json (n_gal_B3)",
    "next_step": "Eseguire R5-1 v3 con prior log_Mmin=[12.350,12.650]"
  }
}