{
  "output_id": "phase8_hod_fit",
  "generated_at": "2026-07-03T04:48:22.420082+00:00",
  "rp_mid": [
    0.6022753118571417,
    0.8738666690575511,
    1.2679300317574262,
    1.8396931961785485,
    2.6692885027532354,
    3.8729833462074166,
    5.619474996624853,
    8.153533443053618,
    11.8303057931431,
    17.1650899743976,
    24.90555349802876
  ],
  "wp_desi": [
    223.34215075690892,
    157.58651123450585,
    114.76084144342857,
    87.77660885575649,
    71.4737395714093,
    54.5462776987529,
    41.93697499576216,
    31.255802691702087,
    22.78630459407527,
    16.049479292000544,
    10.690559333926853
  ],
  "nbar_desi_box": 0.000217614,
  "best_fit": {
    "log_Mmin": 13.1,
    "sigma_logM": 0.55,
    "log_M0": 12.25,
    "log_M1": 13.8,
    "alpha": 0.8,
    "hod_vector": [
      13.1,
      0.55,
      12.25,
      13.8,
      0.8,
      0.0,
      0.0,
      1.0,
      1.0
    ]
  },
  "chi2": 2.098059432084738,
  "chi2_wp": 1.369113108903139,
  "chi2_nbar": 0.7289463231815987,
  "nbar_bestfit_box": 0.00040340925,
  "note": "z=0.5 fit; DESI zeff~0.2 growth caveat. Robustness calibration for the beta1_max deficit test."
}