{
  "schema_version": "1.0",
  "n_cosmologies": 55,
  "z_grid": [
    0.0,
    0.01507537688442211,
    0.03015075376884422,
    0.04522613065326633,
    0.06030150753768844,
    0.07537688442211055,
    0.09045226130653267,
    0.10552763819095477,
    0.12060301507537688,
    0.135678391959799,
    0.1507537688442211,
    0.1658291457286432,
    0.18090452261306533,
    0.19597989949748743,
    0.21105527638190955,
    0.22613065326633164,
    0.24120603015075376,
    0.2562814070351759,
    0.271356783919598,
    0.28643216080402006,
    0.3015075376884422,
    0.3165829145728643,
    0.3316582914572864,
    0.34673366834170855,
    0.36180904522613067,
    0.37688442211055273,
    0.39195979899497485,
    0.40703517587939697,
    0.4221105527638191,
    0.4371859296482412,
    0.4522613065326633,
    0.4673366834170854,
    0.4824120603015075,
    0.49748743718592964,
    0.5125628140703518,
    0.5276381909547738,
    0.542713567839196,
    0.5577889447236181,
    0.5728643216080401,
    0.5879396984924623,
    0.6030150753768844,
    0.6180904522613065,
    0.6331658291457286,
    0.6482412060301507,
    0.6633165829145728,
    0.6783919597989949,
    0.6934673366834171,
    0.7085427135678392,
    0.7236180904522613,
    0.7386934673366834,
    0.7537688442211055,
    0.7688442211055276,
    0.7839195979899497,
    0.7989949748743719,
    0.8140703517587939,
    0.829145728643216,
    0.8442211055276382,
    0.8592964824120602,
    0.8743718592964824,
    0.8894472361809045,
    0.9045226130653266,
    0.9195979899497487,
    0.9346733668341708,
    0.949748743718593,
    0.964824120603015,
    0.9798994974874371,
    0.9949748743718593,
    1.0100502512562815,
    1.0251256281407035,
    1.0402010050251256,
    1.0552763819095476,
    1.0703517587939697,
    1.085427135678392,
    1.100502512562814,
    1.1155778894472361,
    1.1306532663316582,
    1.1457286432160803,
    1.1608040201005025,
    1.1758793969849246,
    1.1909547738693467,
    1.2060301507537687,
    1.2211055276381908,
    1.236180904522613,
    1.2512562814070352,
    1.2663316582914572,
    1.2814070351758793,
    1.2964824120603013,
    1.3115577889447236,
    1.3266331658291457,
    1.3417085427135678,
    1.3567839195979898,
    1.371859296482412,
    1.3869346733668342,
    1.4020100502512562,
    1.4170854271356783,
    1.4321608040201004,
    1.4472361809045227,
    1.4623115577889447,
    1.4773869346733668,
    1.4924623115577889,
    1.507537688442211,
    1.5226130653266332,
    1.5376884422110553,
    1.5527638190954773,
    1.5678391959798994,
    1.5829145728643215,
    1.5979899497487438,
    1.6130653266331658,
    1.6281407035175879,
    1.64321608040201,
    1.658291457286432,
    1.6733668341708543,
    1.6884422110552764,
    1.7035175879396984,
    1.7185929648241205,
    1.7336683417085426,
    1.7487437185929648,
    1.763819095477387,
    1.778894472361809,
    1.793969849246231,
    1.809045226130653,
    1.8241206030150754,
    1.8391959798994975,
    1.8542713567839195,
    1.8693467336683416,
    1.8844221105527637,
    1.899497487437186,
    1.914572864321608,
    1.92964824120603,
    1.9447236180904521,
    1.9597989949748742,
    1.9748743718592965,
    1.9899497487437185,
    2.0050251256281406,
    2.020100502512563,
    2.0351758793969847,
    2.050251256281407,
    2.065326633165829,
    2.080402010050251,
    2.0954773869346734,
    2.1105527638190953,
    2.1256281407035176,
    2.1407035175879394,
    2.1557788944723617,
    2.170854271356784,
    2.185929648241206,
    2.201005025125628,
    2.21608040201005,
    2.2311557788944723,
    2.2462311557788945,
    2.2613065326633164,
    2.2763819095477387,
    2.2914572864321605,
    2.306532663316583,
    2.321608040201005,
    2.336683417085427,
    2.351758793969849,
    2.366834170854271,
    2.3819095477386933,
    2.3969849246231156,
    2.4120603015075375,
    2.4271356783919598,
    2.4422110552763816,
    2.457286432160804,
    2.472361809045226,
    2.487437185929648,
    2.5025125628140703,
    2.517587939698492,
    2.5326633165829144,
    2.5477386934673367,
    2.5628140703517586,
    2.577889447236181,
    2.5929648241206027,
    2.608040201005025,
    2.6231155778894473,
    2.638190954773869,
    2.6532663316582914,
    2.6683417085427132,
    2.6834170854271355,
    2.698492462311558,
    2.7135678391959797,
    2.728643216080402,
    2.743718592964824,
    2.758793969849246,
    2.7738693467336684,
    2.78894472361809,
    2.8040201005025125,
    2.8190954773869343,
    2.8341708542713566,
    2.849246231155779,
    2.8643216080402008,
    2.879396984924623,
    2.8944723618090453,
    2.909547738693467,
    2.9246231155778895,
    2.9396984924623113,
    2.9547738693467336,
    2.969849246231156,
    2.9849246231155777,
    3.0
  ],
  "summary": {
    "max_delta_D_over_D": 0.00939248,
    "median_delta_D_over_D_at_z0p5": 0.0,
    "fraction_above_1pct": 0.0,
    "fraction_above_0p1pct": 0.127273,
    "n_valid": 55,
    "n_failed": 0
  },
  "per_cosmology": [
    {
      "cosmo_idx": 1856,
      "w0_CPL": -1.04785,
      "beta_IDE": -0.02523,
      "w0_de_IDE": -0.999,
      "max_delta_D_over_D": 0.00939248,
      "delta_D_at_z0p5": 0.00287989,
      "delta_D_at_z1p0": 0.00561359
    },
    {
      "cosmo_idx": 96,
      "w0_CPL": -1.04185,
      "beta_IDE": -0.021839,
      "w0_de_IDE": -0.999,
      "max_delta_D_over_D": 0.00889353,
      "delta_D_at_z0p5": 0.00263171,
      "delta_D_at_z1p0": 0.00521414
    },
    {
      "cosmo_idx": 1508,
      "w0_CPL": -1.03585,
      "beta_IDE": -0.019781,
      "w0_de_IDE": -0.999,
      "max_delta_D_over_D": 0.00612828,
      "delta_D_at_z0p5": 0.00198805,
      "delta_D_at_z1p0": 0.00376631
    },
    {
      "cosmo_idx": 1664,
      "w0_CPL": -1.02985,
      "beta_IDE": -0.01625,
      "w0_de_IDE": -0.999,
      "max_delta_D_over_D": 0.00576664,
      "delta_D_at_z0p5": 0.00178638,
      "delta_D_at_z1p0": 0.00345909
    },
    {
      "cosmo_idx": 1158,
      "w0_CPL": -1.02385,
      "beta_IDE": -0.013866,
      "w0_de_IDE": -0.999,
      "max_delta_D_over_D": 0.00345211,
      "delta_D_at_z0p5": 0.0011846,
      "delta_D_at_z1p0": 0.00217999
    },
    {
      "cosmo_idx": 915,
      "w0_CPL": -1.01785,
      "beta_IDE": -0.009551,
      "w0_de_IDE": -0.999,
      "max_delta_D_over_D": 0.00432181,
      "delta_D_at_z0p5": 0.00121455,
      "delta_D_at_z1p0": 0.00245866
    },
    {
      "cosmo_idx": 1622,
      "w0_CPL": -1.01185,
      "beta_IDE": -0.005881,
      "w0_de_IDE": -0.999,
      "max_delta_D_over_D": 0.00410885,
      "delta_D_at_z0p5": 0.0009234,
      "delta_D_at_z1p0": 0.00205518
    },
    {
      "cosmo_idx": 1376,
      "w0_CPL": -0.98785,
      "beta_IDE": 0.0,
      "w0_de_IDE": -0.98785,
      "max_delta_D_over_D": 0.0,
      "delta_D_at_z0p5": 0.0,
      "delta_D_at_z1p0": 0.0
    },
    {
      "cosmo_idx": 1044,
      "w0_CPL": -0.98185,
      "beta_IDE": 0.0,
      "w0_de_IDE": -0.98185,
      "max_delta_D_over_D": 0.0,
      "delta_D_at_z0p5": 0.0,
      "delta_D_at_z1p0": 0.0
    },
    {
      "cosmo_idx": 37,
      "w0_CPL": -0.97585,
      "beta_IDE": -0.0,
      "w0_de_IDE": -0.97585,
      "max_delta_D_over_D": 0.0,
      "delta_D_at_z0p5": 0.0,
      "delta_D_at_z1p0": 0.0
    },
    {
      "cosmo_idx": 432,
      "w0_CPL": -0.96985,
      "beta_IDE": 0.0,
      "w0_de_IDE": -0.96985,
      "max_delta_D_over_D": 0.0,
      "delta_D_at_z0p5": 0.0,
      "delta_D_at_z1p0": 0.0
    },
    {
      "cosmo_idx": 710,
      "w0_CPL": -0.96385,
      "beta_IDE": 0.0,
      "w0_de_IDE": -0.96385,
      "max_delta_D_over_D": 0.0,
      "delta_D_at_z0p5": 0.0,
      "delta_D_at_z1p0": 0.0
    },
    {
      "cosmo_idx": 76,
      "w0_CPL": -0.95785,
      "beta_IDE": 0.0,
      "w0_de_IDE": -0.95785,
      "max_delta_D_over_D": 0.0,
      "delta_D_at_z0p5": 0.0,
      "delta_D_at_z1p0": 0.0
    },
    {
      "cosmo_idx": 1388,
      "w0_CPL": -0.95185,
      "beta_IDE": 0.0,