{
  "median_z": 0.3150122467989882,
  "halves": {
    "low": {
      "desi": 18655.0,
      "mock_mean": 22403.4,
      "mock_std": 132.16958802992465,
      "z": -28.3605332805556,
      "frac_deficit": 0.16731388985600407,
      "n_mock": 5
    },
    "high": {
      "desi": 16745.0,
      "mock_mean": 19866.0,
      "mock_std": 133.17657451669194,
      "z": -23.435052383096274,
      "frac_deficit": 0.15710258733514548,
      "n_mock": 5
    }
  },
  "verdict": "DEFICIT_IN_BOTH_HALVES"
}