{
  "schema_version": "2.0",
  "generated_at": "2026-05-07T16:18:15.452778+00:00",
  "script": "phase6_partial_corr.py",
  "gate": "GATE_6_preparazione",
  "seed": 42,
  "inputs": {
    "mock_z0_file": "results\\phase5_hod_b3_features.npz",
    "mock_z0_n_sims": 2000,
    "mock_z05_file": "results\\phase6_mock_features_z05.npz",
    "mock_z05_n_sims": 2000,
    "desi_file": "results\\phase6_bgs_tda_features.json",
    "desi_regions_available": [
      "NGC",
      "SGC",
      "ALL"
    ]
  },
  "feature_analysis": {
    "b1_peak_pos": {
      "z0": {
        "label": "z=0",
        "mock_mean": 0.03367119151617408,
        "mock_std": 1.2265481138157661,
        "mock_p5": -0.39217744767665863,
        "mock_p50": -0.134251207113266,
        "mock_p95": 0.670892938971519,
        "desi_value": -0.19675150513648987,
        "z_score": -0.18786274591041005,
        "percentile_in_mock": 34.7,
        "outside_bracket_p5_p95": false
      },
      "z05": {
        "label": "z=0.5",
        "mock_mean": 0.04784595990037633,
        "mock_std": 1.1950162274049136,
        "mock_p5": -0.4593367576599121,
        "mock_p50": -0.18224745243787766,
        "mock_p95": 1.2131871044635774,
        "desi_value": -0.19675150513648987,
        "z_score": -0.20468129170767146,
        "percentile_in_mock": 46.45,
        "outside_bracket_p5_p95": false
      },
      "desi_ngc": -0.19675150513648987
    },
    "b1_peak_height": {
      "z0": {
        "label": "z=0",
        "mock_mean": 32388.7485,
        "mock_std": 9443.890622791421,
        "mock_p5": 2804.3,
        "mock_p50": 35477.0,
        "mock_p95": 39567.15,
        "desi_value": 11132.0,
        "z_score": -2.2508465365640733,
        "percentile_in_mock": 7.0,
        "outside_bracket_p5_p95": false
      },
      "z05": {
        "label": "z=0.5",
        "mock_mean": 29604.034,
        "mock_std": 10796.379051137654,
        "mock_p5": 2137.7000000000003,
        "mock_p50": 33710.0,
        "mock_p95": 39056.0,
        "desi_value": 11132.0,
        "z_score": -1.7109471529765838,
        "percentile_in_mock": 11.05,
        "outside_bracket_p5_p95": false
      },
      "desi_ngc": 11132.0
    },
    "b1_fwhm": {
      "z0": {
        "label": "z=0",
        "mock_mean": 0.3620539404004812,
        "mock_std": 0.48941493324175833,
        "mock_p5": 0.0,
        "mock_p50": 0.3968944847583771,
        "mock_p95": 0.6562817186117172,
        "desi_value": 1.026602029800415,
        "z_score": 1.3578418725357206,
        "percentile_in_mock": 99.60000000000001,
        "outside_bracket_p5_p95": true
      },
      "z05": {
        "label": "z=0.5",
        "mock_mean": 0.5107931570559741,
        "mock_std": 0.6687219673088844,
        "mock_p5": 0.0,
        "mock_p50": 0.5932182371616364,
        "mock_p95": 0.9174058705568313,
        "desi_value": 1.026602029800415,
        "z_score": 0.7713353201483621,
        "percentile_in_mock": 98.9,
        "outside_bracket_p5_p95": true
      },
      "desi_ngc": 1.026602029800415
    },
    "b1_integral": {
      "z0": {
        "label": "z=0",
        "mock_mean": 29841.10179340029,
        "mock_std": 7816.642573600893,
        "mock_p5": 6224.297485351564,
        "mock_p50": 31282.654296875,
        "mock_p95": 36601.1119140625,
        "desi_value": 13601.8994140625,
        "z_score": -2.0775163027387697,
        "percentile_in_mock": 6.45,
        "outside_bracket_p5_p95": false
      },
      "z05": {
        "label": "z=0.5",
        "mock_mean": 32315.90511909199,
        "mock_std": 10250.644420405419,
        "mock_p5": 5313.573242187501,
        "mock_p50": 36128.44921875,
        "mock_p95": 39756.8490234375,
        "desi_value": 13601.8994140625,
        "z_score": -1.8256418755270158,
        "percentile_in_mock": 9.25,
        "outside_bracket_p5_p95": false
      },
      "desi_ngc": 13601.8994140625
    },
    "b2_max_count": {
      "z0": {
        "label": "z=0",
        "mock_mean": 133785.8275,
        "mock_std": 1872.7338163080597,
        "mock_p5": 131299.55,
        "mock_p50": 133949.0,
        "mock_p95": 135992.6,
        "desi_value": 29683.0,
        "z_score": -55.588694235911305,
        "percentile_in_mock": 0.0,
        "outside_bracket_p5_p95": true
      },
      "z05": {
        "label": "z=0.5",
        "mock_mean": 123732.401,
        "mock_std": 13721.363045856595,
        "mock_p5": 93604.95,
        "mock_p50": 129253.5,
        "mock_p95": 135478.9,
        "desi_value": 29683.0,
        "z_score": -6.854231659470584,
        "percentile_in_mock": 0.0,
        "outside_bracket_p5_p95": true
      },
      "desi_ngc": 29683.0
    },
    "b2_mean_persistence": {
      "z0": {
        "label": "z=0",
        "mock_mean": 0.23851439886540174,
        "mock_std": 0.018593967703714936,
        "mock_p5": 0.21583533585071563,
        "mock_p50": 0.23449178040027618,
        "mock_p95": 0.274947851896286,
        "desi_value": 0.45885732769966125,
        "z_score": 11.850237256797893,
        "percentile_in_mock": 100.0,
        "outside_bracket_p5_p95": true
      },
      "z05": {
        "label": "z=0.5",
        "mock_mean": 0.2922431184761226,
        "mock_std": 0.027889039680335632,
        "mock_p5": 0.24745932519435881,
        "mock_p50": 0.29486648738384247,
        "mock_p95": 0.3315128892660141,
        "desi_value": 0.45885732769966125,
        "z_score": 5.97418237175865,
        "percentile_in_mock": 100.0,
        "outside_bracket_p5_p95": true
      },
      "desi_ngc": 0.45885732769966125
    },
    "b2_high_persist": {
      "z0": {
        "label": "z=0",
        "mock_mean": 13379.0395,
        "mock_std": 187.2627510738588,
        "mock_p5": 13130.0,
        "mock_p50": 13395.0,
        "mock_p95": 13600.05,
        "desi_value": 2969.0,
        "z_score": -55.59055092539012,
        "percentile_in_mock": 0.0,
        "outside_bracket_p5_p95": true
      },
      "z05": {
        "label": "z=0.5",
        "mock_mean": 12373.6845,
        "mock_std": 1372.1317921248492,
        "mock_p5": 9360.5,
        "mock_p50": 12926.0,
        "mock_p95": 13548.1,
        "desi_value": 2969.0,
        "z_score": -6.854067921155109,
        "percentile_in_mock": 0.0,
        "outside_bracket_p5_p95": true
      },
      "desi_ngc": 2969.0
    },
    "b0_at_mean": {
      "z0": {
        "label": "z=0",
        "mock_mean": 1430.697,
        "mock_std": 1577.0541776334128,
        "mock_p5": 120.80000000000001,
        "mock_p50": 1043.0,
        "mock_p95": 3583.299999999997,
        "desi_value": 86.0,
        "z_score": -0.8526637949863607,
        "percentile_in_mock": 4.65,
        "outside_bracket_p5_p95": true
      },
      "z05": {
        "label": "z=0.5",
        "mock_mean": 1313.6465,
        "mock_std": 1291.8938874914418,
        "mock_p5": 0.0,
        "mock_p50": 1023.5,
        "mock_p95": 3406.749999999999,
        "desi_value": 86.0,
        "z_score": -0.9502688354566061,
        "percentile_in_mock": 6.2,
        "outside_bracket_p5_p95": false
      },
      "desi_ngc": 86.0
    }
  },
  "b2_mean_persistence_summary": {
    "desi_ngc_value": 0.45885732769966125,
    "mock_z0_mean": 0.23851439886540174,
    "mock_z0_std": 0.018593967703714936,
    "mock_z0_bracket_p5_p95": [
      0.21583533585071563,
      0.274947851896286
    ],
    "mock_z05_mean": 0.2922431184761226,
    "mock_z05_std": 0.027889039680335632,
    "mock_z05_bracket_p5_p95": [
      0.24745932519435881,
      0.3315128892660141
    ],
    "discrepancy_pct_vs_z0": 92.38139495242937,
    "discrepancy_pct_vs_z05": 57.01219248286652,
    "percentile_in_combined_mock": 100.0,
    "z_score_vs_combined": 5.400594170032659
  },
  "partial_correlation_ngal": {
    "rho_b2_w0_raw": -0.053412778353194586,
    "rho_b2_w0_partial_ngal": -0.03389380147345037,
    "rho_b2_w0_partial_cosmo": -0.09402569350642338,
    "ngal_trend_slope": -4.101154987154196e-08,
    "ngal_trend_intercept": 0.2755681308800872,