{
  "k_bins": [
    0.006242212798605432,
    0.012435274315332083,
    0.01862833583205873,
    0.024821397348785385,
    0.031014458865512032,
    0.03720752038223868,
    0.043400581898965326,
    0.04959364341569198,
    0.05578670493241863,
    0.06197976644914528,
    0.06817282796587193,
    0.07436588948259859,
    0.08055895099932522,
    0.08675201251605189,
    0.09294507403277855,
    0.09913813554950518,
    0.10533119706623184,
    0.11152425858295847,
    0.11771732009968514,
    0.12391038161641178,
    0.13010344313313843,
    0.13629650464986506,
    0.14248956616659172,
    0.14868262768331836,
    0.15487568920004502,
    0.16106875071677168,
    0.1672618122334983,
    0.17345487375022497,
    0.1796479352669516,
    0.18584099678367827,
    0.19203405830040493,
    0.19822711981713156
  ],
  "Pk": [
    1305921.1308978086,
    238115.02934650183,
    127719.1896947743,
    94513.00598755706,
    78303.74851610597,
    64531.4982667598,
    54041.8465976836,
    51539.95050112896,
    47095.16406816003,
    42663.112555026724,
    39233.93930572928,
    34572.03712740209,
    33428.69881905752,
    30141.80203700395,
    27360.4263478501,
    24003.678796640732,
    22060.748538847645,
    20220.22826139926,
    19195.35997141047,
    17985.800412598885,
    16430.062617566316,
    15063.189538831402,
    13642.702880070174,
    12630.96706031416,
    11862.5196081935,
    11033.34175858092,
    10343.338152401682,
    9697.880151394551,
    9040.726018095873,
    8522.688741248518,
    8002.449966699696,
    7663.9482789428375
  ],
  "N_modes": [
    92,
    392,
    872,
    1588,
    2432,
    3452,
    4688,
    6080,
    8012,
    9512,
    11572,
    13976,
    16280,
    18572,
    21800,
    24440,
    27836,
    31168,
    34724,
    38408,
    41816,
    46652,
    51080,
    54836,
    59672,
    65200,
    69788,
    76568,
    79892,
    85760,
    92168,
    98582
  ],
  "features": [
    1305921.125,
    -1.0020203590393066,
    24003.6796875,
    0.00624221283942461,
    8151.83740234375,
    9697.8798828125,
    11455.8486328125,
    35.837554931640625
  ],
  "feature_names": [
    "Pk_amplitude",
    "Pk_slope",
    "Pk_pivot_k01",
    "Pk_knee_k",
    "Pk_knee_amp",
    "Pk_high_k",
    "Pk_integral",
    "Pk_ratio_lo_hi"
  ],
  "boxsize_mpc_h": 1997.4,
  "region": "NGC"
}