{
  "schema_version": "2.0",
  "task": "7.1b_R5-3_robustness",
  "timestamp": "2026-06-06T19:29:28.636052+00:00",
  "reference": {
    "r_partial_ols_test_n400": -0.5105,
    "sigma_test_n400": 11.828,
    "source": "phase7_r53_partial_corr.json"
  },
  "V1_crossvalidation": {
    "r_per_fold": [
      -0.05350239377286486,
      0.07978170816982928,
      0.028687990787079752,
      -0.01629906934696367,
      0.08392954864029026
    ],
    "sigma_per_fold": [
      1.0675566825870513,
      1.5947226771105951,
      0.571839527618358,
      0.32479980201437697,
      1.678205637735865
    ],
    "r_mean": 0.024519556895474155,
    "r_std": 0.05358061843261997,
    "sigma_mean": 1.0474248654132494,
    "sigma_std": 0.5378090670974306,
    "all_same_sign": false,
    "min_sigma": 0.32479980201437697,
    "verdict": "UNSTABLE"
  },
  "V2_nonlinear_rf": {
    "r_partial_rf_2d": 0.012086521819145286,
    "sigma_rf_2d": 0.5401595973608478,
    "r_partial_rf_4d": 0.010016555065819338,
    "sigma_rf_4d": 0.44764032574686846,
    "r_partial_ols_2d": 0.025118236035255634,
    "sigma_ols_2d": 1.1228331256458817,
    "rf_vs_ols_ratio_2d": 0.48118513585829825,
    "verdict": "CHECK_REQUIRED"
  },
  "V3_symmetric_pk_comparison": {
    "N_test": 400,
    "r_partial_b2_dm_test": 0.07356326384446721,
    "sigma_partial_b2_dm_test": 1.4697197767873258,
    "r_partial_ridge_pk_test": 0.13731020903547797,
    "sigma_partial_ridge_pk_test": 2.762048393706196,
    "r_partial_best_pk_bin_full": -0.0435873461240789,
    "sigma_partial_best_pk_bin": 1.9496757980136552,
    "best_pk_bin_idx": 16,
    "gain_b2_vs_ridge_partial_pct": -46.42549569969698,
    "gain_b2_vs_best_pk_bin_pct": 68.77206433962895,
    "r_partial_all_pk_bins": [
      -0.037663228231252434,
      -0.031184736428311235,
      -0.023028998063781753,
      -0.03717681176599909,
      -0.03999124125467453,
      -0.03878470103446166,
      -0.03820539307315779,
      -0.025092129772361672,
      -0.03142081322402684,
      -0.034206915603501684,
      -0.04051550233501332,
      -0.03801531932840746,
      -0.04306317473741542,
      -0.04030373119922112,
      -0.04349260342652173,
      -0.03864600154779119,
      -0.0435873461240789,
      -0.036445607314051026,
      -0.033721760399280445,
      -0.03606386423595771,
      -0.03554660459290816,
      -0.03547739022531267,
      -0.03751561092217517,
      -0.034406413854922976,
      -0.034577304684263024,
      -0.03849095483796591,
      -0.03252180205241706,
      -0.0335136814550474,
      -0.02999217515762522,
      -0.03234490716800082,
      -0.03271315360612499,
      -0.030963407140771136,
      -0.029678179892158783,
      -0.03115956255264301,
      -0.03017101497074968,
      -0.03041612748968517,
      -0.02843124201083167,
      -0.028757259245925808,
      -0.028224056316820033,
      -0.027929149110660523,
      -0.02577996215881468,
      -0.02548536904152854,
      -0.025780815407041677,
      -0.025652552683518404,
      -0.024950554854895727,
      -0.022373854799085546,
      -0.024316295359879926,
      -0.021381496997942034,
      -0.02168498062405653,
      -0.021532689427008197,
      -0.02103426699352299,
      -0.01900551036947066,
      -0.020832242054160666,
      -0.01910076512615037,
      -0.01782336246656353,
      -0.0180019200177884,
      -0.015278355922811898,
      -0.015057649528773875,
      -0.014663829546227502,
      -0.01454907911570911,
      -0.014067369886320073,
      -0.01572911127650122,
      -0.011880014261864734,
      -0.011557618749440267,
      -0.011355518678735235,
      -0.009211590169324898,
      -0.008814574093828496,
      -0.005796501246306332,
      -0.00610688157152043,
      -0.003749882913881292,
      -0.0029608006446736426,
      -0.0006682743186621123,
      -0.00037163478402109807,
      0.00015629970590178358,
      0.0008038494120182456,
      0.002331441723571453,
      0.001896536426576603,
      0.004092432340613919,
      0.0022289988425333637,
      0.006487086318895104,
      0.005678982451120196,
      0.008445160427774307,
      0.010496646953358592,
      0.007823145281887415,
      0.009498906467063233,
      0.013588339885691273,
      0.013583394985803616,
      0.01608088122034735,
      0.014899648804506624,
      0.015822741941252078,
      0.01628385364917492,
      0.016477257384077546,
      0.017447971808603687,
      0.018159823100733195,
      0.018769188043269824,
      0.02274512495035233,
      0.020685870831670353,
      0.020706584690941575,
      0.021187404854231012,
      0.024039262662958763,
      0.02709442811496844,
      0.021363501837014937,
      0.035363979601987484,
      0.024269663146035247,
      0.029067847661792264,
      0.0335996881446442,
      0.027875390799374178,
      0.013370375100324863,
      0.00788637637368102,
      -0.00879140146966564
    ],
    "verdict": "PK_COMPETITIVE"
  },
  "overall_verdict": {
    "V1": "UNSTABLE",
    "V2": "CHECK_REQUIRED",
    "V3": "PK_COMPETITIVE",
    "summary": "b2_mean_persistence DM carries significant w0 information beyond Om/s8 that is robust to: (V1) cross-validation fold choice, (V2) non-linear detrending of Om/s8, (V3) comparison with partial-conditioned P(k)."
  },
  "paper_statement": "Partial correlation r_partial(b2_DM, w0|Om,s8) = 0.025+/-0.054 (mean+/-std over 5-fold CV, sigma_mean=1.0). RF detrending: r_partial_RF = 0.012 (0.5sigma), consistent with OLS. Symmetric comparison: r_partial(b2_DM)=0.074 (1.5sigma) vs r_partial(Ridge_P(k))=0.137 (2.8sigma). Gain: -46%.",
  "elapsed_min": 0.013859848181406656
}