{
  "schema_version": "2.0",
  "generated_at": "2026-04-29T14:54:24.299290+00:00",
  "gate": "GATE_3_apertura",
  "script_version": "phase3_prerequisites.py v1.0",
  "config": {
    "seed": 42,
    "n_sample_total": 50,
    "n_per_cosmology": 25,
    "use_3d_tda": true,
    "n_fiducial_sample_p90": 200
  },
  "gate2_prior_verified": {
    "n_pts_per_field": 8192,
    "D_latent": 32,
    "checkpoint_sha256": "302771fcd8656d4626bd923e87c8778cd5e64fc91210cc60c05fcd0b44cd6505",
    "status": "OK"
  },
  "R2_3_ks_test": {
    "n_fields_sampled": 50,
    "beta1_ks_stat": 0.7613207528027757,
    "beta1_ks_pval": 0.0,
    "beta2_ks_stat": 0.7992657074425669,
    "beta2_ks_pval": 0.0,
    "n_tau_beta1_persistences": 396767,
    "n_tau_beta2_persistences": 306882,
    "n_grf_beta1_persistences": 19279536,
    "n_grf_beta2_persistences": 14289059,
    "verdict": "PASS",
    "note": "Criterio (Execution Parameters \u00a75.1): p>0.05 su ENTRAMBI beta1 e beta2 \u2192 BLOCKING. Anche un solo p<=0.05 implica struttura topologica genuina \u2192 PASS."
  },
  "R2_4_spatial_variance": {
    "n_fields_sampled": 50,
    "mean_spatial_var": 8.942536125183105,
    "interfield_var_of_mean_norm": 0.996795466675809,
    "mean_ratio_pct": 897.1284906627204,
    "per_field_ratios_pct": [
      858.03830864254,
      736.173427149068,
      615.6659208460283,
      902.1358049261011,
      798.4409988760673,
      830.4584539274177,
      901.0206285229517,
      1473.5424925539833,
      744.1999992443164,
      2512.5831352686046,
      1410.298328245039,
      969.7545682276327,
      516.2420031484814,
      887.1761191357066,
      909.6075633664198,
      652.3864238082928,
      1358.3068640610445,
      488.3350867883551,
      845.4227320708794,
      810.1445628307905,
      658.2550683320729,
      1493.5698399540222,
      600.2444643873256,
      647.3621982047421,
      719.9609378745416,
      1073.7436197330446,
      591.1269214165527,
      584.2249974526546,
      556.5012490080937,
      1104.2294771994762,
      709.6859784198035,
      451.96207187484146,
      1124.3272406798785,
      543.1263077219688,
      499.91915388930914,
      486.840419376018,
      915.4999350477137,
      614.7011918428404,
      607.7544924365374,
      1032.4809447282512,
      3253.538637070951,
      1169.2576750010014,
      580.9170681339442,
      542.6243539643226,
      1385.0834396854975,
      873.7758242336898,
      474.2409160400926,
      473.1286098576103,
      745.9327036239695,
      1122.4753743055342
    ],
    "verdict": "PASS",
    "note": "Criterio (Execution Parameters \u00a75.1): rapporto > 5% \u2192 PASS. rapporto = mean(var_spaziale_per_campo) / var(mean_norm_inter-campo) * 100."
  },
  "overall_prerequisites": "PASS",
  "persistence_threshold_p90": 0.35589513778686577,
  "timing": {
    "r2_3_seconds": 3910.0,
    "r2_4_seconds": 0.2,
    "total_seconds": 7917.9
  }
}