{
  "schema_version": "2.0",
  "task": "7.1a_T1_variability",
  "approach": "training_stochasticity_reduced_subset",
  "timestamp": "2026-06-06T20:29:55.440939+00:00",
  "description": "T1 training stochasticity: 10 independent GNN training runs with different torch seeds on reduced subset (N_train=1600, N_val=400). Sigma_B evaluated on N_SIM_EVAL nwLH fields. Pipeline identical to phase5_ramo_b.py.",
  "traceability": {
    "architecture": "CGNNCAUCHY (phase5_ramo_b.py)",
    "optimizer": "AdamW + CosineAnnealingLR (gate3_prior_v1_0.json)",
    "sigma_B_reference_phase5": 0.9830224216611991,
    "phase5_N_sim": 2000,
    "torch_seeds": [
      0,
      1,
      2,
      3,
      4,
      5,
      6,
      7,
      8,
      9
    ],
    "subset_seed": 42,
    "val_seed": 43
  },
  "parameters": {
    "n_runs": 10,
    "n_train": 1600,
    "n_val": 400,
    "n_epochs_max": 200,
    "n_sim_eval": 2000,
    "p90": 0.35589513778686577,
    "k_nn": 5,
    "latent_dim": 32,
    "perm_n": 1000,
    "early_stop_patience": 30
  },
  "results": {
    "sigma_B_values": [
      1.191496819139063,
      1.4066999527734756,
      1.419973307510336,
      1.0288668337384428,
      1.7852199784075253,
      1.8460798549073036,
      1.652725406782459,
      2.0260756184536035,
      1.9061447647438947,
      2.5758086562870335
    ],
    "sigma_B_mean": 1.6839091192743136,
    "sigma_B_std": 0.42632667578845806,
    "sigma_B_min": 1.0288668337384428,
    "sigma_B_max": 2.5758086562870335,
    "coefficient_of_variation_pct": 25.31767723736688,
    "all_nonsignificant_2sigma": false,
    "sigma_B_reference_phase5": 0.9830224216611991
  },
  "run_details": [
    {
      "run_idx": 0,
      "torch_seed": 0,
      "training": {
        "best_val": 0.018281313553452493,
        "best_epoch": 183,
        "n_epochs": 200,
        "elapsed_min": 6.35570441087087
      },
      "sigma_B": {
        "sigma_B": 1.191496819139063,
        "rho_obs": -0.025920015363475393,
        "best_component": 2,
        "null_mean": -6.071503171458181e-05,
        "null_std": 0.02170320551123746,
        "max_abs_rho": 0.025920015363475393,
        "r_components_partial": [
          0.002085988001993439,
          -0.01790737323047549,
          -0.025920015363475393,
          -0.011750134340714133,
          0.020907364391781938,
          -0.00759403550600461,
          -0.0177004070030396,
          -0.010184439601642972,
          0.0013919547051784928,
          -0.004461585913179562,
          -0.003987252252613625,
          0.0026086938150426927,
          -0.006943381731439378,
          0.0008177613364855401,
          0.01502864397732197,
          0.008176996311409368,
          -0.008447456091030568,
          -0.005506451086593363,
          -0.0005026821239974002,
          0.016799810164953383,
          0.008136333067650827,
          0.014051934636511044,
          -0.015500805577410215,
          -0.011668813550989603,
          -0.021062885622113777,
          -0.024810460592212237,
          -0.011070316862937128,
          -0.0033334441470397923,
          -0.002768966537069012,
          0.0045935532359311654,
          -0.010857985314323856,
          0.008472530711864218
        ]
      },
      "n_nodes_mean": 1325.373,
      "n_errors": 0
    },
    {
      "run_idx": 1,
      "torch_seed": 1,
      "training": {
        "best_val": 0.017317646029405297,
        "best_epoch": 179,
        "n_epochs": 200,
        "elapsed_min": 6.363108257452647
      },
      "sigma_B": {
        "sigma_B": 1.4066999527734756,
        "rho_obs": 0.03176229463705923,
        "best_component": 7,
        "null_mean": -0.0010005750809760831,
        "null_std": 0.021868003546479668,
        "max_abs_rho": 0.03176229463705923,
        "r_components_partial": [
          0.0010299120310192891,
          0.027848589272897722,
          0.009043400640801795,
          0.008059777911578187,
          -0.0034516170238338795,
          -0.0001266791797222902,
          0.005280888992118862,
          0.03176229463705923,
          0.006633128136354437,
          0.01847505481690548,
          -0.005293859974516639,
          0.013251532903096653,
          0.007664048691911307,
          0.01727735407035187,
          -0.02445468800268129,
          0.0062305954616827496,
          0.015496019375335825,
          0.008478763360844575,
          0.027530277187507775,
          0.01580189329464249,
          -0.004126472673002129,
          -0.02637070906609291,
          0.008639790681123,
          0.016448636271363358,
          -0.023998166353770597,
          0.02276657194031765,
          -0.016916329485303104,
          -0.012304747948756368,
          0.0010105097356646817,
          0.006099380124632348,
          0.01029300882890848,
          -0.010351438479844426
        ]
      },
      "n_nodes_mean": 1325.373,
      "n_errors": 0
    },
    {
      "run_idx": 2,
      "torch_seed": 2,
      "training": {
        "best_val": 0.017850885868538172,
        "best_epoch": 180,
        "n_epochs": 200,
        "elapsed_min": 6.239117034276327
      },
      "sigma_B": {
        "sigma_B": 1.419973307510336,
        "rho_obs": -0.03237160393875603,
        "best_component": 17,
        "null_mean": -0.00010043871135673077,
        "null_std": 0.022726599899248034,
        "max_abs_rho": 0.03237160393875603,
        "r_components_partial": [
          0.013625339875137556,
          -0.008230584458294346,
          -0.0022152002119895722,
          -0.020538556355719252,
          -0.017067339898922947,
          -0.007143711377559139,
          0.020514904026067506,
          -0.01832792146407965,
          0.007908895118811803,
          -0.024975909203687363,
          0.0046924267639790775,
          0.014417386465874782,
          -0.01167701042702427,
          -0.02271615678553878,
          0.020060975101216766,
          -0.014175540076995266,
          0.012253923262777789,
          -0.03237160393875603,
          -0.01865488956194214,
          -0.007503945839369212,
          -0.006163760043043511,
          0.0001722021070388012,
          -0.011882047203878303,
          -0.0009461598213977313,
          -0.014005789629729423,
          0.013151590511937343,
          0.02071830606383226,
          -0.007677967858387501,
          -0.0013911778319700792,
          -0.03060312966052953,
          0.012797792275173385,
          -0.024233847617789673
        ]
      },
      "n_nodes_mean": 1325.373,
      "n_errors": 0
    },
    {
      "run_idx": 3,
      "torch_seed": 3,
      "training": {
        "best_val": 0.019560400295304134,
        "best_epoch": 185,
        "n_epochs": 200,
        "elapsed_min": 6.416575610637665
      },
      "sigma_B": {
        "sigma_B": 1.0288668337384428,
        "rho_obs": 0.023833418791808465,
        "best_component": 19,
        "null_mean": 0.00039851438096846005,
        "null_std": 0.0227773931886676,
        "max_abs_rho": 0.023833418791808465,