{
  "conventions": {
    "standard": {
      "desi": 8457,
      "mock_mean": 13502.6,
      "mock_std": 737.2413912454437,
      "z": -6.843891376576564,
      "rank": "0/30",
      "frac": 0.37367618088368165
    },
    "relative": {
      "desi": 8467,
      "mock_mean": 13634.466666666667,
      "mock_std": 745.0368069284636,
      "z": -6.935854200237966,
      "rank": "0/30",
      "frac": 0.37900027870543773
    }
  },
  "verdict": "CONVENTION_STABLE"
}