{
  "schema_version": "2.0",
  "script": "phase9_hod_concentrated_grid.py",
  "phase": "9",
  "concern_addressed": "OC-3 (HOD fit minimum at log_M1 grid edge; concentrated region unexplored)",
  "timestamp": "2026-07-03T19:58:50.874579+00:00",
  "k_mocks": 30,
  "log_M1_scan": [
    13.3,
    13.4,
    13.5,
    13.6,
    13.7,
    13.8
  ],
  "fitted_hod_vector": [
    13.1,
    0.55,
    12.25,
    13.8,
    0.8,
    0.0,
    0.0,
    1.0,
    1.0
  ],
  "desi_beta1_max": 28256.0,
  "aggregate": {
    "13.3": {
      "n": 30,
      "mean": 35047.5,
      "std": 1220.1461967237,
      "n_gal_pre_carve_median": 529870.5,
      "gap_to_desi": 6791.5
    },
    "13.4": {
      "n": 30,
      "mean": 35107.1,
      "std": 1226.7036949371327,
      "n_gal_pre_carve_median": 474038.0,
      "gap_to_desi": 6851.0999999999985
    },
    "13.5": {
      "n": 30,
      "mean": 35132.96666666667,
      "std": 1270.6508916715666,
      "n_gal_pre_carve_median": 427363.5,
      "gap_to_desi": 6876.966666666667
    },
    "13.6": {
      "n": 30,
      "mean": 35176.1,
      "std": 1269.5596670798352,
      "n_gal_pre_carve_median": 387798.0,
      "gap_to_desi": 6920.0999999999985
    },
    "13.7": {
      "n": 30,
      "mean": 35245.933333333334,
      "std": 1295.1283236469828,
      "n_gal_pre_carve_median": 353173.5,
      "gap_to_desi": 6989.933333333334
    },
    "13.8": {
      "n": 30,
      "mean": 35294.6,
      "std": 1303.688152895469,
      "n_gal_pre_carve_median": 324138.5,
      "gap_to_desi": 7038.5999999999985
    }
  },
  "baseline_drift_sigma_vs_fitted": 0.00968054211035818,
  "smallest_gap_to_desi": 6791.5,
  "best_log_M1": 13.3,
  "trend_gap_low_minus_high_M1": -247.09999999999854,
  "verdict": "HOD_EXCLUDED",
  "notes": "log_M1 lowered below the fitted edge (13.8) = more concentrated HOD. N matched to BGS by carve downsampling, so this isolates HOD shape. HOD_EXCLUDED strengthens the deficit; the anomaly is not an HOD artifact."
}