{
  "schema_version": "2.0",
  "task": "wp_rp_BGS_DR1_NGC",
  "timestamp": "2026-06-13T12:35:38.265072+00:00",
  "parameters": {
    "rp_min": 0.5,
    "rp_max": 30.0,
    "n_rpbins": 12,
    "pi_max": 40.0,
    "z_min": 0.1,
    "z_max": 0.4,
    "cosmo": {
      "Om0": 0.3175,
      "H0": 67.11
    },
    "weights": "WEIGHT * WEIGHT_FKP",
    "method": "TreeCorr_Rperp_v5"
  },
  "n_galaxies": 217614,
  "n_randoms": 13248857,
  "results": {
    "rp": [
      0.6003135075864273,
      0.8452869627656037,
      1.1910319998050847,
      1.6753802279477814,
      2.3585434835250263,
      3.3160778005863376,
      4.669957927524174,
      6.568548702385659,
      9.241283584454505,
      13.004012203431211,
      18.30312246738484,
      25.75316731057644
    ],
    "wp": [
      218.84255551966606,
      152.52454567829446,
      113.36708992347744,
      86.37427883062628,
      69.98293130197877,
      56.1222306149054,
      41.79286588385237,
      32.05991107603455,
      23.378678937593726,
      16.46729873179733,
      11.162326038247944,
      6.594740631836686
    ],
    "wp_err": [
      1.2977795789197955,
      0.9278598429331762,
      0.6620701637384735,
      0.4728178944093715,
      0.33784017618843887,
      0.24154905388092787,
      0.17287759033110225,
      0.12389099780033794,
      0.08896592696406268,
      0.0640595632442428,
      0.046254716435365634,
      0.03348648388780442
    ]
  }
}