{
  "schema_version": "2.0",
  "generated_at": "2026-05-01T19:56:13.160026+00:00",
  "gate": "GATE_3",
  "script_version": "phase3_gnn.py v1.0",
  "config": {
    "seed": 42,
    "lr": 0.001,
    "epochs": 300,
    "batch_size": 4,
    "k_nn": 5,
    "use_3d": true,
    "hidden_dim": 64,
    "latent_dim": 32,
    "n_layers": 3,
    "n_node_features": 9,
    "backend": "torch_geometric",
    "persistence_threshold_p90": 0.35589513778686577
  },
  "gate2_prior_verified": {
    "n_pts_per_field": 8192,
    "D_latent": 32,
    "checkpoint_sha256": "302771fcd8656d4626bd923e87c8778cd5e64fc91210cc60c05fcd0b44cd6505",
    "status": "OK"
  },
  "pretraining_node_check": {
    "n_fields_checked": 10,
    "node_counts": [
      1639,
      1147,
      1597,
      1438,
      1237,
      1402,
      1005,
      1489,
      1567,
      1433
    ],
    "beta1_counts": [
      928,
      700,
      952,
      877,
      717,
      837,
      591,
      903,
      894,
      867
    ],
    "beta2_counts": [
      711,
      447,
      645,
      561,
      520,
      565,
      414,
      586,
      673,
      566
    ],
    "mean_nodes": 1395.4,
    "std_nodes": 195.10725255612618,
    "max_nodes": 1639,
    "persistence_threshold_used": 0.35589513778686577,
    "k_nn_used": 5
  },
  "training": {
    "best_epoch": 174,
    "best_val_loss": 0.014135499065741897,
    "train_losses": [
      0.0755494367900408,
      0.03826029684472208,
      0.03689068678067997,
      0.033329924418487485,
      0.03374588236523171,
      0.03197243992989469,
      0.030945775935995495,
      0.03064195835031569,
      0.030588992140514568,
      0.03128487930840088,
      0.029922159258017524,
      0.02946768798477327,
      0.030151009435455005,
      0.028114224065534977,
      0.02865383129618648,
      0.028743640118692484,
      0.027956942988870043,
      0.027132394649864486,
      0.027541504485998302,
      0.02683255195410715,
      0.027394561261300826,
      0.0271175203696152,
      0.0261003063506602,
      0.026047946167333674,
      0.026202512219444744,
      0.026736932144396836,
      0.025484239932201388,
      0.024987166748744332,
      0.025309318896486528,
      0.024956345254839914,
      0.02374842864422438,
      0.024058889156569622,
      0.02450910930832227,
      0.024971294316411433,
      0.023896157001662584,
      0.02361043782762459,
      0.02355141349705971,
      0.023607100076818217,
      0.022047780714153,
      0.02216236974604221,
      0.022424964054435906,
      0.022426758712390436,
      0.021366961802899216,
      0.021959255810361355,
      0.0216966769981405,
      0.022506069906133536,
      0.02063334640568226,
      0.020912444233221725,
      0.021179883361845793,
      0.02010118422201938,
      0.020703529739855894,
      0.020681714275593146,
      0.020097297044574386,
      0.019363251112453225,
      0.01944511656927514,
      0.019600215236843927,
      0.019163608127079592,
      0.019437449492721096,
      0.019217636019715833,
      0.020060725876181903,
      0.019110248170586097,
      0.018688634138218023,
      0.01911079001535351,
      0.02035666266650272,
      0.019239967491658818,
      0.01862816005660635,
      0.01889802202026153,
      0.0182041308431912,
      0.018137992730933344,
      0.0190603185354525,
      0.018576971100669148,
      0.0182567841560942,
      0.01876440262874692,
      0.019002643552246606,
      0.018410048052384,
      0.017662121393691957,
      0.018591772860640454,
      0.017871528854205582,
      0.01750701799367865,
      0.01716535419303303,
      0.018024062112413555,
      0.017471909558581602,
      0.01860005234161185,
      0.017854415592996196,
      0.017703182893132583,
      0.017071144714848035,
      0.017251505855367416,
      0.017158065561024057,
      0.016920262959320097,
      0.017338921042068654,
      0.017400748915194223,
      0.017469012761203988,
      0.017009955883258952,
      0.016838471096707507,
      0.017314671623494683,
      0.01761799413102886,
      0.01681207870391922,
      0.0171126140992985,
      0.016669058351544662,
      0.017043108700050248,
      0.016682873730314896,
      0.016516668490172984,
      0.01637595490254979,
      0.016658878580589467,
      0.016797470781926272,
      0.015952819879748857,
      0.016410373476618487,
      0.016220491025079456,
      0.01657979791958092,
      0.016595432908636413,
      0.015892804515250544,
      0.016233786558910248,
      0.01592928307557789,
      0.01585281654940142,
      0.015847247016305726,
      0.015813501595726445,
      0.016062778611538105,
      0.015740598916050254,
      0.01583554123580042,
      0.01572964696937965,
      0.015765359490695928,
      0.01580608734447095,
      0.015721094341845147,
      0.01562035172909317,
      0.01611460490191045,
      0.015580409263364143,
      0.015505816907130389,
      0.015589726303652343,
      0.015228050192429994,
      0.015448311863777538,
      0.015474705639967902,
      0.015775095450226217,
      0.01539924578456622,
      0.015946386160147895,
      0.015535230214138412,
      0.015252774775176982,
      0.014899426906938767,
      0.015412638491640488,
      0.015175044638453983,
      0.014790205379055503,
      0.015291393627153916,
      0.014578977888191326,
      0.014978078041329152,
      0.014592054287721921,
      0.01514678424379478,
      0.014623982383636758,
      0.014718336556042131,
      0.014371482703912383,
      0.014470029058348802,
      0.014535410459049873,
      0.014291238096646137,
      0.01454000549727223,
      0.014421146580975295,
      0.014252189455308123,
      0.014259766291878704,
      0.014245468166579182,
      0.01442071960999682,
      0.014296501984224759,
      0.014249931458390265,
      0.01415924533988194,
      0.013976439130621859,
      0.013998913683786264,
      0.01415600115142297,
      0.01416975057444587,
      0.014152639071431218,
      0.014063580296351574,
      0.013771794407835438,
      0.01394907004174052,
      0.013808019142985965,
      0.013993851306925839,
      0.013837398474829064,
      0.01369828716916446,
      0.01363123948524137,
      0.013571651675091643,
      0.013616526623890322,
      0.013612200325587765,
      0.013416158725481688,
      0.0135730917626966,
      0.013877782080089673,
      0.013514192858322834,
      0.013659212406168485,
      0.013337674720807829,
      0.013528464854203372,
      0.013285510413374545,
      0.013276686318567954,
      0.013287793776059213,
      0.013175836163766993,
      0.013323385446306525,
      0.013354213724313821,
      0.013275826457862018,
      0.013074261057772674,
      0.012990895896089366,
      0.013047631805723844,
      0.0129664489912102,
      0.012961800696535243,
      0.01303573366215763,
      0.0130972979680842,
      0.012977366750904669,
      0.012970857071599716,
      0.0129193874153619,
      0.012811557987071056,
      0.012708811135962606,
      0.012843372042860008,
      0.012973842701952284,
      0.012693920954997237,
      0.012809232662483636,
      0.01276926969553137,
      0.012610225405013706,
      0.012700239424076346,
      0.012657367548672482,
      0.012583537824038002,
      0.012547659492378847,
      0.012611200508965541,
      0.012496871160369159,
      0.012403792703601842,
      0.012501006809503046,
      0.012486171636394122,
      0.012366404821255452,
      0.012523001975690324,
      0.012351819870269133,
      0.012355886973738153,
      0.012432260279698919,
      0.012310401899675425,
      0.012279150548986055,
      0.012178317187418644,
      0.012254523834174809,
      0.012201868414801234,
      0.012285577348989642,
      0.012281089030309684,
      0.012232776314582831,
      0.012078144014554305,
      0.012129029411719077,
      0.012140155604316128,
      0.011968751706687424,
      0.012034175759698782,
      0.011996719263778585,
      0.012061325128403648,
      0.012054650420840416,
