{
  "schema_version": "2.0",
  "generated_at": "2026-05-07T16:10:38.013271+00:00",
  "gate": "GATE_5",
  "script": "phase5_ramo_b_analysis (sessione Phase 5 Sessione 3)",
  "source_file": "results/phase5_jstar_nwlh.npz",
  "run_metadata": {
    "checkpoint_epoch": 171,
    "p90_threshold": 0.35589513778686577,
    "k_nn": 5,
    "n_nodes_mean": 1325.373,
    "n_sims": 2000,
    "permutation_N": 1000,
    "seed": 42
  },
  "correlations_all_components": {
    "rho_w0": [
      -0.022681584573496838,
      0.0061469475574828375,
      0.013205470095935985,
      0.014342644389446015,
      -0.0004814423723465428,
      0.008030078037632301,
      -0.011708713466695275,
      0.004539640898529147,
      -0.0021420455419375217,
      -0.0009938890070445446,
      -0.010244035095582393,
      -0.01868696345677892,
      0.008157452832189833,
      0.0007112979310253235,
      -0.014739518968043657,
      0.0020628732680390495,
      -0.0007770174471681772,
      0.005920605017895111,
      -0.01704450584421843,
      0.012757851218167969,
      -0.015360465118917154,
      0.01290379974046671,
      0.012156424571016759,
      -0.0024146241181437745,
      -0.01986692904123324,
      -0.017277522647129517,
      -0.007908679991998773,
      -0.014362419633692166,
      0.006527160168505318,
      0.01243457043325003,
      -0.001093022525714932,
      0.005099980320894904
    ],
    "rho_Omm": [
      -0.03263832162988908,
      -0.7714824379743627,
      0.49190407288619453,
      0.06928396833080695,
      0.49155666341683707,
      -0.6558306539170283,
      -0.40729120694740956,
      -0.3653766391902897,
      -0.7032529501729963,
      -0.2672292616121678,
      -0.5024867383175773,
      0.046898870812653086,
      0.3848432092312291,
      0.6565634420953961,
      -0.3954401699997828,
      -0.4896155804547127,
      -0.4584032880698343,
      0.31830399360518635,
      -0.4779110973075909,
      0.3943691119796085,
      -0.11484078642552309,
      -0.7327158497532678,
      -0.14695210537377562,
      -0.4291507248625856,
      0.31694771717548326,
      0.2843821916252678,
      0.5331632692904985,
      -0.35654687495635934,
      -0.6584211865589158,
      0.6023988994641183,
      -0.5037952180823437,
      0.6954806926294994
    ],
    "rho_s8": [
      -0.38795941560858,
      -0.12664429708849878,
      -0.2854710303312223,
      -0.27755586517980074,
      0.1400010888277767,
      0.10584484860813034,
      -0.14821515305401442,
      -0.6575280216045895,
      -0.039524067999589206,
      -0.2044912526365502,
      -0.1475899311455988,
      -0.0938023848764757,
      0.2196470195649017,
      0.0999840329459364,
      0.017147249825393764,
      0.04617540259579798,
      0.2141474980899276,
      0.26128831223779103,
      -0.016085911849896783,
      0.16564636253429496,
      -0.317402671945798,
      -0.006955788996772513,
      -0.07894970069466814,
      -0.16688193372177504,
      -0.39603201374312347,
      -0.2835810084213667,
      -0.08001289715324848,
      -0.19091600730174982,
      -0.0027281699473884428,
      0.13983657579816341,
      0.01157754367043539,
      0.2073387949507479
    ],
    "max_abs_rho_w0": 0.022681584573496838,
    "max_abs_rho_Omm": 0.7714824379743627,
    "max_abs_rho_s8": 0.6575280216045895,
    "best_component_idx": 0
  },
  "sigma_single_component": {
    "component_idx": 0,
    "rho_obs": -0.022681584573496838,
    "null_mean": -0.00053110804411199,
    "null_std": 0.022533032859975863,
    "sigma": 0.9830224216611991,
    "p_value": 0.332
  },
  "sigma_fwer_corrected": {
    "max_rho_obs": 0.022681584573496838,
    "null_max_mean": 0.05247268534170016,
    "null_max_std": 0.009989624221455037,
    "sigma": -2.982204346007332,
    "p_value": 1.0
  },
  "sigma_ols_32components": {
    "r2_obs": 0.009830237986648394,
    "null_r2_mean": 0.016161190171703782,
    "null_r2_std": 0.003906186938056188,
    "sigma": -1.620749924530192
  },
  "partial_correlation": {
    "component_idx": 0,
    "rho_partial": -0.0311972987993247,
    "controls": [
      "Omm",
      "s8"
    ],
    "sigma": 1.4058987381120334
  },
  "interpretation": {
    "verdict": "NON_SIGNIFICATIVO",
    "physical_reason": "z=0 real space: H(z=0)=H0, D(z=0)=1. j* apprende Omm/s8 (max|rho|~0.77) ma non w0 (max|rho|=0.023). Quarta evidenza coerente dopo Gate 1b, R3-3 MMD, Gate 4 SR.",
    "gate_treatment": "risultato_negativo_fisicamente_atteso",
    "sigma_B_threshold_note": "Soglia sigma_B non pre-specificata nel gate4_prior. Esito atteso per design."
  }
}